First Name,Last Name,Email Address,,,,,
Tariq,Miah,tariq@company1.com,,,,,
Walter,Jenkins,wjenkins@company2.com,,,,,
Francine,Thibault,fran@company3.com,,,,,
Avinash,Jain,avinash.jain@company4.com,,,,,
Alessia,Zullo,alessia@company5.com,,,,,
Irma,Klein,klein@company6.com,,,,,
Sumida,Akihiro,sumida@company7.com,,,,,
Tunç,Kurtoglu,tunc@company9.com,,,,,
Aisha,Tinibu,tinibu@company10.com,,,,,
Jeom,Changmin,jeomchangmin@company11.com,,,,,
Reina,Perez,rp@company12.com,,,,,
Aleksandr,Frolov,alex@company13.com,,,,,
Bai,Tao,tao@company14.com,,,,,
Fearghas,Mahoneyi,ferg@company16.com,,,,,
Grayson,Rice,gray@company17.com,,,,,
Rita,Pedro,rpedro@company18.com,,,,,
Kelsey,Sutton,kelsey@company19.com,,,,,
Sareema,Miah,sareema.miah@company20.com,,,,,
Sanjana,Dora,sanjaradora@company21.com,,,,,